burma	reltreaties	brazil
cuba	ngoorgs3	israel
burma	commonbloc1	netherlands
indonesia	reltreaties	india
jordan	independence	israel
jordan	boycottembargo	netherlands
brazil	negativebehavior	netherlands
jordan	embassy	israel
netherlands	ngoorgs3	israel
cuba	emigrants3	brazil
israel	relintergovorgs	israel
burma	treaties	netherlands
burma	embassy	netherlands
jordan	relngo	netherlands
indonesia	relintergovorgs	israel
indonesia	exports3	jordan
israel	independence	netherlands
indonesia	commonbloc1	jordan
ussr	reldiplomacy	uk
china	ngoorgs3	netherlands
indonesia	embassy	indonesia
indonesia	unweightedunvote	netherlands
indonesia	embassy	india
indonesia	relintergovorgs	netherlands
indonesia	commonbloc2	indonesia
indonesia	students	india
jordan	reltreaties	netherlands
jordan	intergovorgs3	egypt
israel	relintergovorgs	netherlands
burma	treaties	netherlands
burma	unweightedunvote	netherlands
jordan	emigrants3	netherlands
netherlands	intergovorgs	indonesia
jordan	embassy	israel
poland	intergovorgs3	indonesia
ussr	timesinceally	netherlands
netherlands	timesinceally	jordan
netherlands	intergovorgs3	israel
netherlands	releconomicaid	jordan
brazil	conferences	netherlands
netherlands	independence	netherlands
israel	commonbloc1	brazil
china	intergovorgs3	brazil
netherlands	timesincewar	uk
brazil	relngo	netherlands
netherlands	intergovorgs3	israel
israel	conferences	uk
israel	unweightedunvote	burma
jordan	negativecomm	indonesia
indonesia	booktranslations	egypt
indonesia	timesinceally	netherlands
egypt	independence	netherlands
israel	economicaid	india
netherlands	treaties	brazil
netherlands	relngo	uk
cuba	commonbloc1	uk
egypt	pprotests	netherlands
indonesia	embassy	burma
poland	relintergovorgs	israel
burma	relintergovorgs	netherlands
indonesia	relintergovorgs	israel
israel	negativebehavior	netherlands
netherlands	commonbloc1	poland
israel	intergovorgs	uk
ussr	relintergovorgs	israel
ussr	intergovorgs3	netherlands
netherlands	independence	israel
netherlands	intergovorgs3	netherlands
china	exports3	israel
jordan	independence	egypt
poland	ngo	netherlands
brazil	weightedunvote	brazil
netherlands	embassy	indonesia
israel	reldiplomacy	netherlands
indonesia	tourism	burma
netherlands	relemigrants	israel
brazil	relngo	brazil
israel	officialvisits	israel
india	economicaid	india
burma	intergovorgs3	netherlands
jordan	relngo	netherlands
israel	relngo	netherlands
indonesia	reldiplomacy	indonesia
indonesia	relngo	china
brazil	conferences	egypt
poland	reltreaties	indonesia
ussr	expeldiplomats	netherlands
netherlands	relintergovorgs	uk
brazil	commonbloc1	netherlands
cuba	timesinceally	poland
poland	commonbloc2	egypt
burma	intergovorgs3	brazil
israel	intergovorgs3	israel
indonesia	relexports	brazil
israel	embassy	uk
netherlands	pprotests	poland
brazil	tourism3	netherlands
netherlands	reltreaties	cuba
netherlands	relintergovorgs	poland
ussr	exports3	netherlands
egypt	relexportbooks	israel
israel	commonbloc2	brazil
netherlands	intergovorgs3	uk
israel	violentactions	netherlands
israel	reltreaties	israel
poland	timesinceally	brazil
netherlands	relexports	ussr
india	relintergovorgs	india
brazil	intergovorgs	israel
indonesia	economicaid	uk
cuba	embassy	india
egypt	intergovorgs3	cuba
netherlands	negativecomm	egypt
ussr	reltreaties	netherlands
netherlands	officialvisits	netherlands
cuba	relngo	netherlands
india	commonbloc1	israel
netherlands	ngoorgs3	india
egypt	intergovorgs3	brazil
jordan	relintergovorgs	jordan
netherlands	relstudents	netherlands
cuba	reldiplomacy	egypt
netherlands	embassy	brazil
burma	reldiplomacy	burma
egypt	ngoorgs3	israel
israel	militaryactions	israel
jordan	intergovorgs3	netherlands
indonesia	pprotests	israel
cuba	intergovorgs	uk
burma	pprotests	israel
indonesia	treaties	poland
india	commonbloc2	burma
netherlands	ngoorgs3	jordan
poland	reltreaties	brazil
burma	commonbloc1	uk
netherlands	conferences	burma
indonesia	ngoorgs3	brazil
israel	exports3	india
cuba	timesinceally	israel
brazil	duration	india
indonesia	ngo	uk
burma	exports3	uk
netherlands	embassy	brazil
indonesia	exports3	indonesia
brazil	relintergovorgs	brazil
uk	blockpositionindex	netherlands
netherlands	independence	netherlands
cuba	dependent	israel
cuba	commonbloc2	israel
brazil	duration	israel
egypt	relintergovorgs	egypt
indonesia	blockpositionindex	jordan
poland	pprotests	poland
burma	reldiplomacy	burma
indonesia	embassy	egypt
brazil	independence	uk
china	unweightedunvote	netherlands
netherlands	relintergovorgs	netherlands
china	booktranslations	uk
brazil	commonbloc2	uk
poland	relintergovorgs	uk
poland	tourism	indonesia
israel	timesinceally	netherlands
china	commonbloc1	egypt
ussr	independence	netherlands
netherlands	blockpositionindex	netherlands
egypt	ngoorgs3	israel
brazil	reldiplomacy	cuba
israel	commonbloc1	uk
china	relintergovorgs	israel
india	intergovorgs3	india
cuba	reldiplomacy	netherlands
cuba	nonviolentbehavior	netherlands
ussr	commonbloc1	indonesia
egypt	booktranslations	netherlands
netherlands	relbooktranslations	cuba
netherlands	reldiplomacy	uk
netherlands	accusation	india
israel	conferences	netherlands
brazil	ngoorgs3	egypt
cuba	negativebehavior	israel
burma	intergovorgs3	israel
israel	lostterritory	uk
cuba	intergovorgs3	netherlands
poland	conferences	india
jordan	commonbloc2	netherlands
cuba	independence	israel
israel	nonviolentbehavior	uk
netherlands	weightedunvote	netherlands
netherlands	timesinceally	brazil
indonesia	reltreaties	egypt
israel	commonbloc1	jordan
cuba	commonbloc1	uk
israel	officialvisits	jordan
china	intergovorgs	ussr
egypt	negativecomm	indonesia
egypt	relstudents	uk
israel	conferences	jordan
india	accusation	uk
indonesia	timesinceally	jordan
israel	timesincewar	israel
ussr	ngoorgs3	egypt
usa	relintergovorgs	netherlands
netherlands	eemigrants	egypt
indonesia	relstudents	jordan
uk	embassy	egypt
brazil	blockpositionindex	israel
brazil	commonbloc1	poland
israel	officialvisits	brazil
israel	relstudents	israel
ussr	relintergovorgs	poland
indonesia	relbooktranslations	jordan
netherlands	reltourism	egypt
cuba	intergovorgs3	indonesia
burma	releconomicaid	uk
china	ngo	netherlands
brazil	commonbloc0	ussr
brazil	nonviolentbehavior	netherlands
cuba	intergovorgs3	uk
israel	ngoorgs3	jordan
indonesia	commonbloc1	egypt
indonesia	ngo	netherlands
burma	independence	uk
israel	negativecomm	netherlands
egypt	commonbloc1	netherlands
egypt	relintergovorgs	indonesia
indonesia	conferences	poland
china	ngo	netherlands
israel	accusation	uk
cuba	blockpositionindex	poland
ussr	unweightedunvote	india
egypt	relngo	india
cuba	commonbloc0	uk
indonesia	severdiplomatic	india
ussr	embassy	israel
cuba	relngo	burma
jordan	booktranslations	usa
netherlands	relngo	jordan
ussr	relexportbooks	netherlands
egypt	timesinceally	israel
indonesia	tourism	brazil
jordan	intergovorgs	brazil
egypt	weightedunvote	netherlands
brazil	nonviolentbehavior	uk
burma	intergovorgs	cuba
uk	intergovorgs3	netherlands
israel	negativebehavior	cuba
jordan	embassy	uk
netherlands	relintergovorgs	cuba
brazil	ngo	israel
china	tourism	uk
israel	intergovorgs3	india
poland	nonviolentbehavior	netherlands
ussr	releconomicaid	poland
poland	ngo	netherlands
egypt	booktranslations	uk
israel	commonbloc2	uk
netherlands	commonbloc1	uk
jordan	reldiplomacy	egypt
jordan	timesinceally	uk
brazil	exportbooks	netherlands
poland	relngo	netherlands
indonesia	intergovorgs3	egypt
cuba	commonbloc1	brazil
cuba	blockpositionindex	egypt
indonesia	ngoorgs3	israel
india	ngo	uk
egypt	relexportbooks	israel
netherlands	commonbloc0	jordan
cuba	reldiplomacy	uk
india	exportbooks	brazil
netherlands	blockpositionindex	india
usa	tourism	netherlands
israel	embassy	netherlands
ussr	timesinceally	brazil
india	reltreaties	netherlands
jordan	blockpositionindex	india
jordan	independence	brazil
egypt	relbooktranslations	israel
brazil	ngo	uk
india	reltreaties	brazil
india	militaryalliance	israel
indonesia	duration	indonesia
netherlands	exports3	ussr
cuba	commonbloc0	india
egypt	ngoorgs3	uk
ussr	officialvisits	netherlands
ussr	embassy	israel
netherlands	intergovorgs3	china
netherlands	booktranslations	india
israel	relngo	egypt
poland	intergovorgs3	burma
netherlands	conferences	poland
netherlands	booktranslations	uk
poland	tourism3	egypt
cuba	weightedunvote	brazil
israel	reltourism	egypt
ussr	reltreaties	netherlands
jordan	commonbloc0	poland
netherlands	commonbloc1	uk
cuba	commonbloc1	brazil
israel	relintergovorgs	uk
netherlands	negativecomm	jordan
india	independence	uk
netherlands	negativebehavior	indonesia
china	embassy	israel
egypt	relngo	egypt
ussr	intergovorgs3	israel
cuba	intergovorgs3	india
china	intergovorgs3	israel
indonesia	treaties	india
indonesia	timesinceally	indonesia
jordan	relngo	egypt
china	commonbloc2	uk
jordan	timesinceally	poland
brazil	economicaid	uk
ussr	reldiplomacy	poland
china	intergovorgs3	uk
india	intergovorgs3	uk
netherlands	timesinceally	poland
brazil	reldiplomacy	ussr
indonesia	eemigrants	burma
burma	reltreaties	brazil
egypt	timesinceally	usa
cuba	timesinceally	indonesia
poland	commonbloc2	uk
cuba	timesinceally	usa
jordan	unweightedunvote	uk
brazil	commonbloc1	brazil
india	pprotests	netherlands
israel	relbooktranslations	egypt
poland	intergovorgs	israel
burma	exports3	india
china	independence	netherlands
ussr	nonviolentbehavior	netherlands
poland	ngoorgs3	brazil
burma	relintergovorgs	china
israel	pprotests	uk
india	independence	ussr
israel	ngoorgs3	netherlands
india	reldiplomacy	netherlands
netherlands	commonbloc2	burma
cuba	intergovorgs	uk
netherlands	relngo	uk
egypt	ngoorgs3	netherlands
egypt	weightedunvote	netherlands
egypt	relngo	netherlands
burma	accusation	netherlands
brazil	reltreaties	uk
egypt	commonbloc1	poland
ussr	conferences	usa
usa	tourism	netherlands
china	reltreaties	ussr
india	timesincewar	uk
cuba	reldiplomacy	jordan
jordan	duration	poland
china	relngo	israel
israel	booktranslations	poland
poland	ngoorgs3	israel
poland	commonbloc0	uk
indonesia	timesincewar	brazil
india	intergovorgs	poland
indonesia	ngo	china
ussr	relngo	india
egypt	timesincewar	brazil
netherlands	reldiplomacy	egypt
burma	relintergovorgs	israel
israel	commonbloc1	brazil
ussr	tourism	israel
cuba	unweightedunvote	india
egypt	embassy	poland
burma	intergovorgs	egypt
cuba	independence	usa
indonesia	unweightedunvote	brazil
brazil	independence	egypt
usa	reldiplomacy	uk
jordan	conferences	usa
israel	timesinceally	uk
burma	commonbloc2	poland
netherlands	blockpositionindex	uk
cuba	reldiplomacy	india
china	unweightedunvote	ussr
netherlands	relngo	cuba
netherlands	relintergovorgs	egypt
brazil	embassy	netherlands
netherlands	embassy	brazil
poland	timesinceally	brazil
india	independence	indonesia
burma	relngo	poland
egypt	reldiplomacy	jordan
netherlands	timesinceally	uk
jordan	independence	netherlands
poland	relintergovorgs	burma
burma	commonbloc2	uk
ussr	commonbloc2	jordan
israel	militaryactions	india
ussr	treaties	poland
indonesia	weightedunvote	usa
indonesia	relexports	egypt
indonesia	blockpositionindex	ussr
cuba	intergovorgs	china
india	commonbloc1	egypt
indonesia	commonbloc2	uk
india	independence	netherlands
netherlands	ngoorgs3	cuba
indonesia	timesinceally	uk
israel	independence	netherlands
egypt	accusation	usa
india	commonbloc1	uk
uk	officialvisits	uk
india	exports3	indonesia
burma	relngo	india
cuba	embassy	usa
israel	unweightedunvote	egypt
poland	unweightedunvote	india
jordan	lostterritory	uk
china	relbooktranslations	indonesia
poland	intergovorgs	cuba
indonesia	unweightedunvote	usa
burma	conferences	egypt
poland	blockpositionindex	netherlands
brazil	commonbloc2	egypt
netherlands	independence	cuba
indonesia	reltreaties	india
netherlands	releconomicaid	usa
israel	weightedunvote	china
egypt	commonbloc2	netherlands
cuba	relintergovorgs	israel
netherlands	timesincewar	brazil
jordan	economicaid	jordan
jordan	releconomicaid	netherlands
indonesia	commonbloc2	cuba
brazil	relintergovorgs	egypt
brazil	commonbloc2	ussr
brazil	exportbooks	indonesia
jordan	weightedunvote	usa
ussr	negativebehavior	uk
china	booktranslations	ussr
indonesia	intergovorgs3	uk
china	ngoorgs3	poland
jordan	accusation	israel
ussr	relngo	ussr
poland	independence	israel
indonesia	blockpositionindex	egypt
jordan	intergovorgs3	jordan
netherlands	ngoorgs3	ussr
burma	intergovorgs	israel
egypt	booktranslations	poland
poland	commonbloc0	china
cuba	ngo	israel
israel	relintergovorgs	india
brazil	intergovorgs3	uk
poland	ngoorgs3	poland
china	timesincewar	uk
ussr	independence	egypt
poland	unweightedunvote	poland
netherlands	relbooktranslations	poland
china	commonbloc1	poland
israel	ngoorgs3	india
uk	commonbloc1	netherlands
egypt	expeldiplomats	china
ussr	exports3	china
poland	embassy	netherlands
indonesia	reldiplomacy	uk
indonesia	independence	brazil
brazil	commonbloc0	india
indonesia	embassy	poland
brazil	blockpositionindex	india
cuba	conferences	ussr
cuba	nonviolentbehavior	uk
ussr	treaties	india
poland	treaties	usa
jordan	conferences	uk
israel	timesinceally	brazil
indonesia	timesinceally	uk
brazil	ngoorgs3	brazil
jordan	intergovorgs	poland
india	tourism	india
brazil	economicaid	brazil
brazil	commonbloc0	cuba
indonesia	intergovorgs3	india
india	relexportbooks	uk
poland	intergovorgs3	netherlands
burma	intergovorgs	jordan
indonesia	unoffialacts	india
china	relintergovorgs	israel
netherlands	commonbloc2	uk
brazil	reldiplomacy	israel
indonesia	ngo	uk
netherlands	timesinceally	usa
egypt	independence	uk
jordan	commonbloc1	israel
netherlands	relngo	india
indonesia	ngoorgs3	cuba
cuba	reldiplomacy	poland
india	relngo	usa
ussr	relintergovorgs	netherlands
cuba	unweightedunvote	netherlands
china	ngo	uk
ussr	embassy	jordan
